image,annotation
image1.jpeg,"Here's an analysis of the image:

**Individual Analysis:**

* **Person 1 (Far Left):** Likely male, displaying a broad, happy smile.  Emotion: Joyful, friendly.
* **Person 2 (Second from Left):** Likely female, showing a bright, genuine smile. Emotion: Happy, content.
* **Person 3 (Second from Right):** Likely male, exhibiting a large, confident smile. Emotion: Happy, cheerful.
* **Person 4 (Far Right):** Likely female, with a relaxed and happy smile. Emotion: Content, amiable.

**Group Summary:**

* **Number of Males:** 2
* **Number of Females:** 2
* **General Mood:** The overall mood is one of happiness, friendship, and closeness.  The individuals appear comfortable and relaxed in each other's company, suggesting a positive and supportive group dynamic.  The smiles are genuine and energetic, conveying a sense of joy and camaraderie.
"
image7.jpeg,"Here's an analysis of the image:

**Individual Analysis:**

* **Person 1 (far left):** Female, displaying a happy, joyful expression.  She's making a peace sign, suggesting playfulness.

* **Person 2 (blonde):** Female, exhibiting a bright, cheerful smile.  Her expression is open and friendly.

* **Person 3 (dark curly hair):** Female, showing a confident and happy smile. Her expression is warm and approachable.

* **Person 4 (center):** Male, showing a broad, genuine smile indicating happiness and contentment. He appears relaxed and comfortable.

* **Person 5 (far right):** Male, displaying a cheerful and friendly smile.  His expression is similar to the others in the group.


**Group Summary:**

* **Number of Males:** 2
* **Number of Females:** 3
* **General Mood:** The overall mood is one of happiness, joy, and camaraderie. The group appears to be close-knit and enjoying each other's company.  Their expressions are overwhelmingly positive and suggest a fun, friendly atmosphere.
"
image10.jpeg,"Here's an analysis of the image:

**Number of Males and Females:**

* **Females:** 1
* **Males:** 0

**Individual Analysis:**

The image shows one person, a young woman with brown skin and dark hair pulled back.  Her expression is one of pure joy and contentment. Her eyes are closed, and her mouth is in a wide, genuine smile. Her hands gently caress her face, suggesting a sense of self-love and appreciation.

**Overall Group Summary:**

The overall mood is serene, happy, and peaceful. The single individual depicted exudes a strong sense of self-acceptance and positivity.  The image conveys a feeling of calm contentment and well-being.
"
image8.jpeg,"Here's an analysis of the image:

**Individual Analysis:**

* **Person 1 (Far Left):** Likely male, appears happy and relaxed, smiling broadly.
* **Person 2:** Likely female, smiling happily and appears approachable.
* **Person 3:** Likely male, smiling broadly, happy and friendly expression.
* **Person 4 (Center):** Likely female, a large, genuine smile conveys happiness and confidence.
* **Person 5:** Likely male, shows happiness and friendliness with a wide smile.
* **Person 6 (Far Right):** Likely female, smiling contentedly with a relaxed posture.

**Group Summary:**

* **Number of Males:** 3
* **Number of Females:** 3
* **General Mood:** The overall mood is one of happiness, camaraderie, and positivity.  Everyone is smiling, and their body language suggests comfort and closeness within the group.  The image projects a sense of teamwork or friendship.
"
image4.jpeg,"Here's an analysis of the image:

**Number of People:** There is only one person in the image.

**Gender and Emotional Expression:**

* **Person 1:** Female.  She appears to be experiencing joy or happiness. Her eyes are closed, she has a wide smile, and her hands are gently cupped near her face, suggesting contentment and possibly self-satisfaction or delight.

**Summary:**

The image shows one woman expressing overwhelming joy or happiness.  There is a sense of contentment and positivity radiating from her expression and body language.


**Males:** 0
**Females:** 1
**General Mood:**  Overwhelmingly positive and joyful.
"
image5.jpeg,"Here's an analysis of the image:

**Individual Analysis:**

It's difficult to be completely certain about gender based solely on appearance, but based on typical societal gender presentations:

* **Top Row (Left to Right):**  Male (happy/excited), Male (happy/excited), Male (happy/excited), Female (happy/excited), Female (happy/excited), Male (happy/excited)
* **Bottom Row (Left to Right):** Female (excited/joyful), Female (joyful/excited), Female (excited/enthusiastic), Female (excited/enthusiastic)


**Overall Summary:**

* **Number of Males:** 4
* **Number of Females:** 6
* **General Mood:** The overall mood is one of exuberant joy, excitement, and enthusiasm.  Everyone appears to be actively and openly expressing happiness. The raised arms and open smiles contribute to this perception.


**Important Note:** This analysis is based on visual cues and societal norms.  It is impossible to definitively determine gender or emotional state with 100% accuracy from an image alone.
"
image9.jpeg,"Here's an analysis of the image:

**Individual Analysis:**

* **Person 1 (Far Left):** Female.  Appears happy and playful, possibly mischievous, indicated by her pointing finger and smile.

* **Person 2 (Back, slightly left of center):** Male.  Looks happy and friendly, with a warm smile.

* **Person 3 (Back, slightly right of center):** Female.  Smiling; she appears happy and approachable.

* **Person 4 (Front, slightly left of center):** Female. Happy and engaging, indicated by her pointing finger and broad smile.

* **Person 5 (Front, center):** Female.  Shows a happy and confident expression.

* **Person 6 (Far Right):** Male.  Displays a joyful expression, similar to the others.  The pointing finger reinforces the general sense of playfulness.


**Group Summary:**

* **Number of Males:** 2
* **Number of Females:** 4
* **General Mood:** The overall mood is one of happiness, friendliness, and playful engagement.  The individuals are clearly comfortable with one another, and the pointing fingers suggest a feeling of inclusivity and perhaps excitement about something they're sharing with the viewer. The image projects a positive and energetic vibe.
"
image2.jpeg,"Here's an analysis of the image:

**Number of Males and Females:**

* **Males:** 1
* **Females:** 0

**Individual Analysis:**

The image shows one person, a male. He appears to be a Black man with a shaved head. His emotional expression is one of happiness and contentment.  He's smiling broadly, his gaze is directed slightly upward and to his side, suggesting a feeling of optimism or pleasant contemplation.  His posture is relaxed but engaged.


**Overall Group Summary:**

Since there is only one person in the image, the ""group"" mood is solely reflective of this individual. The general mood is positive, optimistic, and relaxed.


"
image3.jpeg,"Here's an analysis of the image:

**Gender and Emotional Expression:**  It's important to note that gender identification is based on visual cues and societal norms, which can be inaccurate.  Emotional expression is also an interpretation.

* **Row 1 (Top):**
    * Male: Happy/Excited
    * Male: Happy/Excited
    * Male: Happy/Excited
* **Row 2:**
    * Male: Happy/Excited
    * Female: Happy/Excited
    * Male: Happy/Excited
    * Female: Happy/Excited
    * Male: Happy/Excited
* **Row 3 (Front):**
    * Female: Happy/Excited
    * Female: Happy/Excited
    * Female: Happy/Excited (Center, slightly more expressive)
    * Male: Happy/Excited
    * Female: Happy/Excited


**Summary:**

* **Number of Males:** 6
* **Number of Females:** 6
* **General Mood:** The overall mood of the group is one of joy, excitement, and camaraderie.  Everyone is smiling broadly, and their body language (close proximity, arms around each other) suggests a positive and friendly interaction.  The image conveys a sense of unity and shared happiness.
"
